heading_id,packages
LoadYourDataset,"shiny,htmltools,dummies"
FeaturePreprocessing,"shiny,shinyBS,reshape"
CheckForLinearDependence,"shiny,stats"
FeatureSelection,"shiny,htmltools"
OrdinaryLeastSquares,"shiny,caret,ggplot2,stats"
PartialLeastSquares,"shiny,caret,ggplot2,caret,stats"
MultivariateAdaptiveRegressionSplines,"shiny,ggplot2,earth"
LeastAngleRegression,"shiny,htmltools,lars"
RandomForest,"shiny,ggplot2,ranger"
ExtremeGradientBoostedTrees,"shiny,xgboost,ggplot2"
SelectingImportantPredictorVariablesAndAddAnyOtherVariableYouDesireForModeling.,"shiny,htmltools"
Training/ValidationSplits,"shiny,caret,htmltools"
Linear_Regression,"shiny,reshape2,ggplot2,rms"
Stepwise_Regression,"shiny,reshape2,ggplot2,rms,stats"
Robust_Regression,"shiny,reshape2,ggplot2,rms,stats,MASS"
Quantile_Regression,"shiny,quantreg,caret,stats,ggplot2"
Regression_With_Shrinkage_Methods,"shiny,ggplot2,stats"
Adaptive_LASSO_Regressions,"shiny,glmnet,ggplot2,stats"
Partial_Least_Squares_Regression,"shiny,stats,pls,caret,ggplot2"
Multivariate_Adaptive_Regression_Splines_Regression,"shiny,qgraph,pls,caret,stats,earth"
Generalized_Additive_Model_Regression,"shiny,ggplot2,stats,caret,mgcv,visreg,plyr"
Latent_Class_Regression,"shiny,mgcv,flexmix,stats,ggplot2,stats"
Decision_Trees,"shiny,caret,party,ggplot2,stats,partykit,party"
Random_Forest_Regression,"shiny,grid,caret,stats,ggplot2,ranger,stats"
Extreme_Gradient_Boosted_Trees,"shiny,ggplot2,caret,stats,xgboost"
Support_Vector_Regression,"shiny,caret,stats,e1071,ggplot2"
Neural_Network,"shiny,deepnet,stats,ggplot2"
Comparison_Of_Models,"shiny,ggplot2"
Ensemble_Averaging,"shiny,ggplot2"
Ensemble_Stacking,"shiny,ggplot2,stats"
Predict_on_new_data,"shiny,shinyBS,htmltools,dplyr"
