[{"Package":"abind","Version":"1.4-5"},{"Package":"acepack","Version":"1.4.1"},{"Package":"askpass","Version":"1.1"},{"Package":"assertthat","Version":"0.2.1"},{"Package":"backports","Version":"1.1.4"},{"Package":"base64enc","Version":"0.1-3"},{"Package":"BDgraph","Version":"2.58"},{"Package":"BH","Version":"1.69.0-1"},{"Package":"bit","Version":"1.1-14"},{"Package":"bit64","Version":"0.9-7"},{"Package":"bitops","Version":"1.0-6"},{"Package":"blob","Version":"1.1.1"},{"Package":"callr","Version":"3.2.0"},{"Package":"caret","Version":"6.0-82"},{"Package":"caTools","Version":"1.17.1.2"},{"Package":"checkmate","Version":"1.9.1"},{"Package":"cli","Version":"1.1.0"},{"Package":"clipr","Version":"0.6.0"},{"Package":"clisymbols","Version":"1.2.0"},{"Package":"coin","Version":"1.3-0"},{"Package":"colorspace","Version":"1.4-1"},{"Package":"colourpicker","Version":"1.0"},{"Package":"compare","Version":"0.2-6"},{"Package":"corpcor","Version":"1.6.9"},{"Package":"crayon","Version":"1.3.4"},{"Package":"crosstalk","Version":"1.0.0"},{"Package":"curl","Version":"3.3"},{"Package":"d3Network","Version":"0.5.2.1"},{"Package":"data.table","Version":"1.12.2"},{"Package":"DBI","Version":"1.0.0"},{"Package":"deepnet","Version":"0.2"},{"Package":"denpro","Version":"0.9.2"},{"Package":"desc","Version":"1.2.0"},{"Package":"devtools","Version":"2.0.2"},{"Package":"digest","Version":"0.6.18"},{"Package":"dplyr","Version":"0.8.0.1"},{"Package":"DT","Version":"0.5"},{"Package":"dummies","Version":"1.5.6"},{"Package":"e1071","Version":"1.7-1"},{"Package":"earth","Version":"5.1.1"},{"Package":"edarf","Version":"1.1.1"},{"Package":"evaluate","Version":"0.13"},{"Package":"fansi","Version":"0.4.0"},{"Package":"fdrtool","Version":"1.2.15"},{"Package":"flexmix","Version":"2.3-15"},{"Package":"foreach","Version":"1.4.4"},{"Package":"Formula","Version":"1.2-3"},{"Package":"fs","Version":"1.2.7"},{"Package":"gdata","Version":"2.18.0"},{"Package":"generics","Version":"0.0.2"},{"Package":"ggm","Version":"2.3"},{"Package":"ggplot2","Version":"3.1.1"},{"Package":"gh","Version":"1.0.1"},{"Package":"git2r","Version":"0.25.2"},{"Package":"glasso","Version":"1.10"},{"Package":"glmnet","Version":"2.0-16"},{"Package":"glue","Version":"1.3.1"},{"Package":"gower","Version":"0.2.0"},{"Package":"gplots","Version":"3.0.1.1"},{"Package":"gridExtra","Version":"2.3"},{"Package":"gtable","Version":"0.3.0"},{"Package":"gtools","Version":"3.8.1"},{"Package":"highr","Version":"0.8"},{"Package":"Hmisc","Version":"4.2-0"},{"Package":"hms","Version":"0.4.2"},{"Package":"htmlTable","Version":"1.13.1"},{"Package":"htmltools","Version":"0.3.6"},{"Package":"htmlwidgets","Version":"1.3"},{"Package":"httpuv","Version":"1.5.1"},{"Package":"httr","Version":"1.4.0"},{"Package":"huge","Version":"1.3.2"},{"Package":"igraph","Version":"1.2.4"},{"Package":"ini","Version":"0.3.1"},{"Package":"inum","Version":"1.0-0"},{"Package":"ipred","Version":"0.9-8"},{"Package":"iterators","Version":"1.0.10"},{"Package":"jpeg","Version":"0.1-8"},{"Package":"jsonlite","Version":"1.6"},{"Package":"knitr","Version":"1.22"},{"Package":"labeling","Version":"0.3"},{"Package":"lars","Version":"1.2"},{"Package":"later","Version":"0.8.0"},{"Package":"latticeExtra","Version":"0.6-28"},{"Package":"lava","Version":"1.6.5"},{"Package":"lavaan","Version":"0.6-3"},{"Package":"lazyeval","Version":"0.2.2"},{"Package":"libcoin","Version":"1.0-4"},{"Package":"lubridate","Version":"1.7.4"},{"Package":"magrittr","Version":"1.5"},{"Package":"markdown","Version":"0.9"},{"Package":"MatrixModels","Version":"0.4-1"},{"Package":"matrixStats","Version":"0.54.0"},{"Package":"memoise","Version":"1.1.0"},{"Package":"mfp","Version":"1.5.2"},{"Package":"mime","Version":"0.6"},{"Package":"miniUI","Version":"0.1.1.1"},{"Package":"MLmetrics","Version":"1.1.1"},{"Package":"mmpf","Version":"0.0.5"},{"Package":"mnormt","Version":"1.5-5"},{"Package":"ModelMetrics","Version":"1.2.2"},{"Package":"modeltools","Version":"0.2-22"},{"Package":"mRMRe","Version":"2.0.9"},{"Package":"multcomp","Version":"1.4-10"},{"Package":"munsell","Version":"0.5.0"},{"Package":"mvtnorm","Version":"1.0-10"},{"Package":"numDeriv","Version":"2016.8-1"},{"Package":"odbc","Version":"1.1.6"},{"Package":"openssl","Version":"1.3"},{"Package":"pander","Version":"0.6.3"},{"Package":"party","Version":"1.3-3"},{"Package":"partykit","Version":"1.2-3"},{"Package":"pbapply","Version":"1.4-0"},{"Package":"pbivnorm","Version":"0.6.0"},{"Package":"pillar","Version":"1.3.1"},{"Package":"pkgbuild","Version":"1.0.3"},{"Package":"pkgconfig","Version":"2.0.2"},{"Package":"pkgload","Version":"1.0.2"},{"Package":"plogr","Version":"0.2.0"},{"Package":"plotmo","Version":"3.5.4"},{"Package":"plotrix","Version":"3.7-5"},{"Package":"pls","Version":"2.7-1"},{"Package":"plyr","Version":"1.8.4"},{"Package":"png","Version":"0.1-7"},{"Package":"polspline","Version":"1.1.14"},{"Package":"prettyunits","Version":"1.0.2"},{"Package":"processx","Version":"3.3.0"},{"Package":"prodlim","Version":"2018.04.18"},{"Package":"promises","Version":"1.0.1"},{"Package":"ps","Version":"1.3.0"},{"Package":"psych","Version":"1.8.12"},{"Package":"purrr","Version":"0.3.2"},{"Package":"qgraph","Version":"1.6.1"},{"Package":"quantreg","Version":"5.38"},{"Package":"R6","Version":"2.4.0"},{"Package":"ranger","Version":"0.11.2"},{"Package":"rcmdcheck","Version":"1.3.2"},{"Package":"RColorBrewer","Version":"1.1-2"},{"Package":"Rcpp","Version":"1.0.1"},{"Package":"RcppEigen","Version":"0.3.3.5.0"},{"Package":"RcppRoll","Version":"0.3.0"},{"Package":"recipes","Version":"0.1.5"},{"Package":"regpro","Version":"0.1.1"},{"Package":"remotes","Version":"2.0.4"},{"Package":"reshape","Version":"0.8.8"},{"Package":"reshape2","Version":"1.4.3"},{"Package":"rJava","Version":"0.9-11"},{"Package":"RJDBC","Version":"0.2-7.1"},{"Package":"rjson","Version":"0.2.20"},{"Package":"rlang","Version":"0.3.4"},{"Package":"rmarkdown","Version":"1.12"},{"Package":"rms","Version":"5.1-3"},{"Package":"RMySQL","Version":"0.10.17"},{"Package":"ROCR","Version":"1.0-7"},{"Package":"RPostgreSQL","Version":"0.6-2"},{"Package":"rprojroot","Version":"1.3-2"},{"Package":"rqPen","Version":"2.0"},{"Package":"RSQLite","Version":"2.1.1"},{"Package":"rstudioapi","Version":"0.10"},{"Package":"sandwich","Version":"2.5-1"},{"Package":"scales","Version":"1.0.0"},{"Package":"sessioninfo","Version":"1.1.1"},{"Package":"shiny","Version":"1.3.1"},{"Package":"shinyBS","Version":"0.61"},{"Package":"shinyFiles","Version":"0.7.2"},{"Package":"shinyjs","Version":"1.0"},{"Package":"shrink","Version":"1.2.1"},{"Package":"sourcetools","Version":"0.1.7"},{"Package":"SparseM","Version":"1.77"},{"Package":"SQUAREM","Version":"2017.10-1"},{"Package":"stringi","Version":"1.4.3"},{"Package":"stringr","Version":"1.4.0"},{"Package":"strucchange","Version":"1.5-1"},{"Package":"sys","Version":"3.1"},{"Package":"TeachingDemos","Version":"2.10"},{"Package":"TH.data","Version":"1.0-10"},{"Package":"tibble","Version":"2.1.1"},{"Package":"tidyr","Version":"0.8.3"},{"Package":"tidyselect","Version":"0.2.5"},{"Package":"timeDate","Version":"3043.102"},{"Package":"tinytex","Version":"0.12"},{"Package":"usethis","Version":"1.5.0"},{"Package":"utf8","Version":"1.1.4"},{"Package":"viridis","Version":"0.5.1"},{"Package":"viridisLite","Version":"0.3.0"},{"Package":"visreg","Version":"2.5-0"},{"Package":"whisker","Version":"0.3-2"},{"Package":"withr","Version":"2.1.2"},{"Package":"xfun","Version":"0.6"},{"Package":"xgboost","Version":"0.82.1"},{"Package":"xopen","Version":"1.0.0"},{"Package":"xtable","Version":"1.8-3"},{"Package":"yaml","Version":"2.2.0"},{"Package":"zoo","Version":"1.8-5"},{"Package":"class","Version":"7.3-15"},{"Package":"cluster","Version":"2.0.8"},{"Package":"codetools","Version":"0.2-16"},{"Package":"foreign","Version":"0.8-70"},{"Package":"grid","Version":"3.5.3"},{"Package":"KernSmooth","Version":"2.23-15"},{"Package":"lattice","Version":"0.20-38"},{"Package":"MASS","Version":"7.3-51.1"},{"Package":"Matrix","Version":"1.2-17"},{"Package":"mgcv","Version":"1.8-28"},{"Package":"nlme","Version":"3.1-139"},{"Package":"nnet","Version":"7.3-12"},{"Package":"rpart","Version":"4.1-13"},{"Package":"survival","Version":"2.43-3"}]
